,srcid,iauname,sc_ra,sc_dec,sc_poserr,sc_det_ml,sc_ep_1_flux,sc_ep_1_flux_err,sc_ep_2_flux,sc_ep_2_flux_err,sc_ep_3_flux,sc_ep_3_flux_err,sc_ep_4_flux,sc_ep_4_flux_err,sc_ep_5_flux,sc_ep_5_flux_err,sc_ep_8_flux,sc_ep_8_flux_err,sc_ep_9_flux,sc_ep_9_flux_err,sc_ep_8_fmin,sc_ep_8_fmin_err,sc_ep_8_fmax,sc_ep_8_fmax_err,sc_hr1,sc_hr1_err,sc_hr2,sc_hr2_err,sc_hr3,sc_hr3_err,sc_hr4,sc_hr4_err,sc_extent,sc_ext_ml,sc_chi2prob,sc_var_flag,sc_sum_flag,mjd_first,mjd_last,sc_fvar,sc_fvarerr,n_detections,confused,webpage_url
29626,207474000000000.0,3XMM J011248.6-001724,18.20258637,-0.29019097,0.427597,3214.38,5.58e-14,3.5100000000000002e-15,1.21e-13,5.31e-15,1.29e-13,5.65e-15,1.0300000000000002e-13,9.05e-15,2.08e-13,4.09e-14,6.23e-13,4.28e-14,4.18e-13,1.22e-14,6.08e-13,8.89e-14,6.270000000000001e-13,4.88e-14,0.332879,0.0335636,-0.00470678,0.030574900000000002,-0.56045,0.033367,-0.37695500000000004,0.0899201,0.0,0.0,0.312320024,f,1,56857.92927000001,56858.72723,0.10193851599999999,0.149522781,2,f,http://xmm-catalog.irap.omp.eu/source/207474001310001/
33026,207474000000000.0,3XMM J012116.8-003240,20.32037474,-0.5447210370000001,2.59001,17.7267,7.79e-16,1.0699999999999998e-15,6.67e-15,2.48e-15,8.73e-15,3.2799999999999997e-15,0.0,2.02e-15,0.0,1.48e-14,1.54e-14,1.57e-14,2.05e-14,5.84e-15,1.54e-14,1.57e-14,1.54e-14,1.57e-14,0.883444,0.203849,-0.015895199999999998,0.254846,-1.0,0.16145,,,0.0,0.0,,,0,57045.392739999996,57045.452260000005,,,1,f,http://xmm-catalog.irap.omp.eu/source/207474101310017/
69597,206554000000000.0,3XMM J023301.2+002514,38.25509382,0.420711121,0.606596,1317.86,4.12e-14,3.06e-15,4.36e-14,3.0199999999999998e-15,2.57e-14,2.3399999999999998e-15,1.47e-14,3.4600000000000002e-15,9.15e-14,1.72e-14,2.1699999999999998e-13,1.82e-14,1.02e-13,5.59e-15,2.1699999999999998e-13,1.82e-14,2.1699999999999998e-13,1.82e-14,0.056472900000000006,0.0503792,-0.231192,0.053932799999999996,-0.654057,0.0712083,0.167011,0.14207999999999998,0.0,0.0,0.371780425,f,0,55401.408910000006,55401.668379999996,0.17428049399999998,0.188427195,1,f,http://xmm-catalog.irap.omp.eu/source/206553806010001/
198069,207253000000000.0,3XMM J090145.3+003124,135.43875740000001,0.5233511479999999,2.72388,7.354239999999999,0.0,6.49e-16,3.64e-15,2.1699999999999998e-15,6.59e-15,3.05e-15,4.2e-15,4.93e-15,0.0,4.15e-14,2.41e-14,4.26e-14,2.35e-14,6.61e-15,2.41e-14,4.26e-14,2.41e-14,4.26e-14,1.0,0.235121,0.12415699999999999,0.292517,-0.556081,0.27879299999999996,-1.0,1.4340899999999999,0.0,0.0,,,0,56417.9024,56417.934270000005,,,1,f,http://xmm-catalog.irap.omp.eu/source/207252901480021/
200911,207607000000000.0,3XMM J090828.6+285437,137.1194092,28.91045736,1.2867899999999999,68.9527,8.300000000000001e-16,7.39e-16,8.479999999999999e-15,1.7e-15,6.2e-15,1.6199999999999999e-15,7.82e-15,3.4700000000000004e-15,6.099999999999999e-17,7.47e-15,2.44e-14,8.7e-15,2.66e-14,3.8600000000000004e-15,2.44e-14,8.7e-15,2.44e-14,8.7e-15,0.8176760000000001,0.155443,-0.14360499999999998,0.147006,-0.44476899999999997,0.19364800000000001,-0.996028,0.442673,0.0,0.0,,,0,57310.667010000005,57310.845539999995,,,1,f,http://xmm-catalog.irap.omp.eu/source/207607401010008/
202918,206732000000000.0,3XMM J091458.2+295038,138.7428475,29.843988899999996,2.33548,8.58181,2.68e-16,2.8599999999999996e-16,6.69e-16,3.52e-16,1.9300000000000002e-15,6.05e-16,4.2400000000000004e-16,1.02e-15,1.05e-15,5.39e-15,5.0899999999999995e-15,5.6e-15,3.9e-15,1.08e-15,5.0899999999999995e-15,5.6e-15,5.0899999999999995e-15,5.6e-15,0.0576977,0.345179,0.314658,0.224881,-0.745238,0.317644,0.888066,0.45881000000000005,0.0,0.0,,,0,55851.928439999996,55852.38322,,,1,f,http://xmm-catalog.irap.omp.eu/source/206731504010092/
202924,206732000000000.0,3XMM J091459.6+294349,138.7487129,29.73037466,0.7988069999999999,387.764,4.82e-15,8.699999999999999e-16,1.9e-14,1.67e-15,1.08e-14,1.54e-15,1.09e-14,3.15e-15,5.99e-15,1.08e-14,5.45e-14,1.16e-14,4.44e-14,3.55e-15,5.45e-14,1.16e-14,5.45e-14,1.16e-14,0.549479,0.0692538,-0.386121,0.0711445,-0.42196000000000006,0.11988900000000001,-0.783274,0.343602,0.0,0.0,0.121105097,f,0,55851.928439999996,55852.38322,0.22763776800000002,0.129156724,1,f,http://xmm-catalog.irap.omp.eu/source/206731504010012/
204960,206732000000000.0,3XMM J091955.1+005642,139.9796733,0.945108649,0.967189,95.182,1.7e-15,4.73e-16,4.51e-15,7.860000000000001e-16,5.25e-15,9.34e-16,4.52e-15,1.9100000000000003e-15,3.16e-16,3.36e-15,1.46e-14,4.25e-15,1.6e-14,1.97e-15,1.46e-14,4.25e-15,1.46e-14,4.25e-15,0.421863,0.133641,-0.04154190000000001,0.12099000000000001,-0.510456,0.160563,-0.9476100000000001,0.397262,0.0,0.0,,,0,56044.259979999995,56044.57414,,,1,f,http://xmm-catalog.irap.omp.eu/source/206731802010023/
207761,204024000000000.0,3XMM J092720.5+362407,141.8354379,36.402100700000005,0.89681,88.1224,4.92e-16,1.8999999999999998e-16,1.03e-15,2.84e-16,2.89e-15,4.99e-16,6.4400000000000005e-15,1.28e-15,4.1e-15,4.69e-15,1.52e-14,4.93e-15,8.6e-15,1.01e-15,1.52e-14,4.93e-15,1.52e-14,4.93e-15,0.273658,0.17272300000000002,0.40869,0.133008,-0.14219400000000001,0.127911,-0.625689,0.259389,0.0,0.0,,,0,54062.46905,54062.86301,,,1,f,http://xmm-catalog.irap.omp.eu/source/204023701010068/
211266,202013000000000.0,3XMM J094434.6+040009,146.1443761,4.002698458999999,0.829053,90.0379,2.54e-16,2e-16,1.88e-15,4.44e-16,3.78e-15,6.56e-16,5.2899999999999996e-15,1.37e-15,2.95e-15,2.74e-15,1.59e-14,3.39e-15,1.12e-14,1.3300000000000001e-15,1.59e-14,3.39e-15,1.59e-14,3.39e-15,0.734546,0.139844,0.31095100000000003,0.124464,-0.324875,0.133737,-0.735487,0.176483,0.0,0.0,,,1,53143.618539999996,53144.03307,,,1,f,http://xmm-catalog.irap.omp.eu/source/202012903010020/
214936,202064000000000.0,3XMM J095621.7-001503,149.09075180000002,-0.250965945,1.77617,11.1565,2.16e-16,2.09e-16,1.3900000000000001e-15,4.61e-16,9.74e-16,4.41e-16,4.53e-17,3.91e-16,0.0,2.64e-15,3.25e-15,2.8100000000000003e-15,3.21e-15,9.47e-16,3.25e-15,2.8100000000000003e-15,3.25e-15,2.8100000000000003e-15,0.468398,0.22821799999999998,-0.159433,0.25049899999999997,-0.983742,0.189279,-1.0,6.45381,0.0,0.0,,,0,53352.30043,53352.58441,,,1,f,http://xmm-catalog.irap.omp.eu/source/202064301010095/
218414,207629000000000.0,3XMM J100207.0+030327,150.5293207,3.057695895,0.25531,8229.09,1.23e-14,9.060000000000001e-16,1.86e-14,1.14e-15,4.75e-14,1.87e-15,2.29e-13,6.88e-15,6.289999999999999e-13,2.43e-14,9.379999999999998e-13,2.54e-14,2.04e-13,4.55e-15,9.379999999999998e-13,2.54e-14,9.379999999999998e-13,2.54e-14,0.148805,0.046025699999999996,0.39453499999999997,0.030750599999999996,0.260236,0.023074900000000002,-0.203441,0.023317400000000002,0.0,0.0,0.016438859,f,0,57147.69394,57147.96061,0.160387874,0.045842119,1,f,http://xmm-catalog.irap.omp.eu/source/207629202010001/
223774,202027000000000.0,3XMM J102220.1+213412,155.5838363,21.57024144,0.916998,1853.27,5.77e-15,6.57e-16,2.54e-14,1.15e-15,2.39e-14,1.22e-15,4.45e-14,2.89e-15,1.13e-13,1.07e-14,2.1399999999999997e-13,1.13e-14,9.27e-14,2.79e-15,2.1399999999999997e-13,1.13e-14,2.1399999999999997e-13,1.13e-14,0.6026560000000001,0.0380768,-0.10809400000000001,0.0333477,-0.215088,0.039305400000000004,-0.211414,0.0537836,13.2572,513.068,0.261737496,f,0,53155.4638,53155.89222,0.144263119,0.13239435900000002,1,f,http://xmm-catalog.irap.omp.eu/source/202027301010006/
230166,200385000000000.0,3XMM J104028.3+091057,160.118254,9.182695897999999,0.6398510000000001,367.05800000000005,2.27e-15,3.98e-16,5.89e-15,6.25e-16,5.720000000000001e-15,6.59e-16,9.32e-16,6.089999999999999e-16,4.65e-15,3.0199999999999998e-15,2.31e-14,3.35e-15,1.83e-14,1.42e-15,2.2e-14,8.11e-15,2.33e-14,3.68e-15,0.396,0.0730988,-0.134188,0.0723985,-0.8418610000000001,0.0669163,-0.42456800000000006,0.21560300000000002,0.0,0.0,0.330379665,f,0,52238.19957,53350.11987,0.129075244,0.29502368,2,f,http://xmm-catalog.irap.omp.eu/source/200385404010006/
236212,206934000000000.0,3XMM J105225.9+103250,163.1083245,10.54745013,0.740214,621.543,4.31e-15,5.24e-16,1.22e-14,8.49e-16,4e-15,5.849999999999999e-16,1.29e-15,7.75e-16,4.26e-15,3.36e-15,2.71e-14,3.7299999999999995e-15,2.45e-14,1.58e-15,2.71e-14,3.7299999999999995e-15,2.71e-14,3.7299999999999995e-15,0.48276800000000003,0.0533929,-0.570267,0.05427959999999999,-0.756438,0.10220499999999999,-0.41275600000000007,0.277452,0.0,0.0,,,1,56252.78189,56253.071710000004,,,1,f,http://xmm-catalog.irap.omp.eu/source/206934304010007/
237488,202005000000000.0,3XMM J105650.9+065420,164.2121842,6.905714165,0.534621,112.95700000000001,1.19e-15,2.0699999999999999e-16,4.63e-15,3.57e-16,4.93e-15,4.18e-16,4e-15,7.49e-16,4.7700000000000006e-15,3.2e-15,2.16e-14,3.44e-15,1.74e-14,9.08e-16,1.5e-14,5.6200000000000006e-15,5.89e-14,1.92e-14,0.571168,0.0582866,0.0592528,0.0506459,-0.551412,0.057957600000000005,-0.397154,0.16126,8.242180000000001,14.597000000000001,,,0,53144.94662,53879.09804,,,6,f,http://xmm-catalog.irap.omp.eu/source/202005302010033/
245513,202019000000000.0,3XMM J111845.4+212826,169.6894542,21.47399062,0.754548,24.3694,4.0499999999999997e-16,2.0499999999999998e-16,6.56e-16,1.8999999999999998e-16,1.94e-15,3.2400000000000004e-16,1.28e-15,5.22e-16,7.98e-15,5.12e-15,1.38e-14,5.1899999999999995e-15,5.68e-15,6.69e-16,6.13e-15,8.32e-15,1.9e-14,9.04e-15,0.335426,0.192237,0.481066,0.10556900000000001,-0.49081099999999994,0.124546,-0.10326400000000001,0.29273000000000005,0.0,0.0,,,0,53356.113,54821.223139999995,,,3,f,http://xmm-catalog.irap.omp.eu/source/202019401010074/
249355,207226000000000.0,3XMM J112844.7+171337,172.186271,17.22704382,2.2140299999999997,8.09065,1.28e-16,1.57e-16,2.27e-16,1.93e-16,1.1299999999999999e-16,1.41e-16,3.0899999999999997e-15,1.09e-15,1.14e-15,2.3e-15,6.53e-15,2.89e-15,2.9899999999999997e-15,7.71e-16,5.129999999999999e-15,3.13e-15,1.45e-14,7.48e-15,0.911784,0.23109899999999997,0.139693,0.249833,0.697036,0.136124,0.169823,0.199554,0.0,0.0,,,0,56449.224989999995,56454.03729,,,2,f,http://xmm-catalog.irap.omp.eu/source/207225703010088/
251722,207411000000000.0,3XMM J113536.3+155831,173.9015424,15.97545058,0.493354,110.455,5.070000000000001e-16,1.2e-16,2.04e-15,2.15e-16,3.4600000000000002e-15,2.9900000000000003e-16,2.55e-15,5.01e-16,4.05e-15,2.43e-15,1.61e-14,2.7e-15,1.08e-14,6.269999999999999e-16,1.26e-14,4.07e-15,3e-14,8.51e-15,0.5350199999999999,0.07408150000000001,0.231775,0.0576355,-0.615788,0.0559379,0.0897757,0.127729,0.0,0.0,,,0,56802.54105,56836.74077999999,,,5,f,http://xmm-catalog.irap.omp.eu/source/207411402010044/
252230,206908000000000.0,3XMM J113628.2+194841,174.11756699999998,19.81148215,1.6544900000000002,25.7916,8.300000000000001e-16,5.440000000000001e-16,3.7299999999999995e-15,9.89e-16,2.82e-15,1.05e-15,1.92e-16,8.130000000000001e-16,2.96e-14,1.96e-14,3.97e-14,1.97e-14,9.13e-15,2.15e-15,3.97e-14,1.97e-14,3.97e-14,1.97e-14,0.5868899999999999,0.21439299999999997,-0.260027,0.204599,-0.911126,0.198219,0.979482,0.134189,0.0,0.0,,,0,56098.24772000001,56098.50284,,,1,f,http://xmm-catalog.irap.omp.eu/source/206907802010056/
252428,206908000000000.0,3XMM J113653.6+195534,174.2235563,19.92616919,1.76164,8.63618,3.21e-16,1.93e-16,4.519999999999999e-16,2.21e-16,4.72e-16,2.62e-16,5.679999999999999e-17,2.1800000000000002e-16,1.93e-16,1.25e-15,2.15e-15,1.36e-15,1.1099999999999999e-15,4.55e-16,2.15e-15,1.36e-15,2.15e-15,1.36e-15,0.33862,0.281369,-0.205884,0.257536,-0.9263030000000001,0.206814,0.423062,0.541619,0.0,0.0,,,0,56098.24772000001,56098.50284,,,1,f,http://xmm-catalog.irap.omp.eu/source/206907802010073/
252431,206908000000000.0,3XMM J113654.2+195950,174.22596289999998,19.99732248,1.1584,28.7296,4.509999999999999e-16,2.88e-16,1.15e-15,4.45e-16,1.7100000000000002e-15,5.58e-16,2.07e-15,1.08e-15,3e-15,3.17e-15,9.99e-15,3.55e-15,6e-15,1.21e-15,9.99e-15,3.55e-15,9.99e-15,3.55e-15,0.275866,0.245623,0.0964883,0.202195,-0.469621,0.222462,-0.657415,0.334088,0.0,0.0,,,1,56098.24772000001,56098.50284,,,1,f,http://xmm-catalog.irap.omp.eu/source/206907802010053/
253133,200670000000000.0,3XMM J113914.8+170837,174.81194680000002,17.14365159,0.34642399999999995,9914.28,1.0699999999999999e-13,4.8100000000000005e-15,1.74e-13,6.33e-15,1.87e-13,6.82e-15,2.7300000000000005e-13,1.39e-14,4.95e-13,4.05e-14,1.24e-12,4.42e-14,6.519999999999999e-13,1.5e-14,1.24e-12,4.42e-14,1.24e-12,4.42e-14,0.19647,0.027659800000000002,0.00216993,0.0255408,-0.326146,0.028030000000000003,-0.408059,0.039980800000000004,0.0,0.0,0.115193874,f,1,52438.85171,52438.969769999996,0.111322805,0.056319814,1,f,http://xmm-catalog.irap.omp.eu/source/200669502010001/
253321,202047000000000.0,3XMM J113942.5+315433,174.9271688,31.90939206,0.346414,11016.9,1.22e-14,2.54e-15,3.87e-14,4.69e-15,2.52e-13,1.19e-14,2.08e-12,5.75e-14,5.5499999999999996e-12,1.92e-13,7.93e-12,2.02e-13,1.38e-12,3.26e-14,7.93e-12,2.02e-13,7.93e-12,2.02e-13,0.4986,0.0887428,0.710066,0.0319689,0.479905,0.0209887,-0.206825,0.021156900000000003,0.0,0.0,0.144478261,f,0,53149.69209,53149.94814,0.10156624800000001,0.055650785999999994,1,f,http://xmm-catalog.irap.omp.eu/source/202046503010001/
253332,202047000000000.0,3XMM J113944.1+315548,174.9341437,31.9302096,1.60229,48.8185,1.72e-15,1.3900000000000001e-15,7.27e-15,2.38e-15,4.76e-15,2.23e-15,6.829999999999999e-15,5.979999999999999e-15,1e-14,1.93e-14,4.35e-14,2.12e-14,3.3e-14,6.72e-15,4.35e-14,2.12e-14,4.35e-14,2.12e-14,0.6086199999999999,0.22999,0.280204,0.165184,-0.720445,0.153238,-0.442878,0.45474499999999995,0.0,0.0,,,0,53149.69209,53149.94814,,,1,f,http://xmm-catalog.irap.omp.eu/source/202046503010005/
254086,206554000000000.0,3XMM J114223.7+101551,175.5989706,10.26429224,1.50797,64.744,8.52e-15,2.5e-15,1.61e-14,3.31e-15,6.45e-15,2.21e-15,7.25e-15,4.45e-15,7.28e-16,8.64e-15,3.81e-14,1.12e-14,3.37e-14,6e-15,3.81e-14,1.12e-14,3.81e-14,1.12e-14,0.339507,0.145784,-0.419444,0.160173,-0.342819,0.275237,-0.46137,0.403592,0.0,0.0,,,1,55348.90524,55349.04452999999,,,1,f,http://xmm-catalog.irap.omp.eu/source/206553801010010/
254087,200052000000000.0,3XMM J114224.3+200711,175.6013552,20.11978052,2.62689,42.9665,1.16e-15,5.81e-16,4.25e-15,9.050000000000001e-16,2.35e-15,8.32e-16,1.01e-14,2.91e-15,4.4799999999999994e-15,1.06e-14,2.39e-14,1.15e-14,1.57e-14,2.36e-15,2.39e-14,1.15e-14,2.39e-14,1.15e-14,0.595195,0.158707,-0.338972,0.162683,0.145823,0.208087,-0.6714829999999999,0.347256,0.0,0.0,,,0,52235.28273,52235.61257,,,1,f,http://xmm-catalog.irap.omp.eu/source/200052101010045/
254279,200052000000000.0,3XMM J114313.4+200016,175.806071,20.0045706,0.8772260000000001,445.159,2.75e-15,4.0099999999999996e-16,9.740000000000001e-15,6.809999999999999e-16,7.68e-15,6.86e-16,1.05e-14,1.41e-15,2.2899999999999997e-15,2.57e-15,3.52e-14,3.26e-15,3.07e-14,1.5699999999999999e-15,2.72e-14,6.21e-15,3.83e-14,3.84e-15,0.54005,0.054077599999999997,-0.153334,0.0529467,-0.37796,0.0673032,-0.8808790000000001,0.100833,0.0,0.0,0.27130851100000003,f,3,52235.28273,54978.32649,0.158321768,0.173633307,2,f,http://xmm-catalog.irap.omp.eu/source/200052101010008/
254384,200617000000000.0,3XMM J114356.3+195340,175.98493100000002,19.89453256,0.42848400000000003,543.328,3.35e-15,5.24e-16,2.33e-14,1.14e-15,1.01e-14,8.89e-16,3.11e-15,1.0699999999999998e-15,1.1e-14,4.93e-15,5.24e-14,5.3200000000000005e-15,4.87e-14,2.1399999999999997e-15,4.66e-14,1.44e-14,5.95e-14,1.39e-14,0.749468,0.034958800000000005,-0.400213,0.0418413,-0.774762,0.06262519999999999,-0.253271,0.22415300000000002,0.0,0.0,0.37360000600000004,f,3,52055.88108,54978.32649,0.142475098,0.306298584,3,f,http://xmm-catalog.irap.omp.eu/source/200617401010017/
254389,200052000000000.0,3XMM J114359.0+200437,175.9959392,20.07718276,1.21735,31.9589,1.14e-15,3.35e-16,2.27e-15,4.45e-16,3e-15,5.92e-16,3.7299999999999995e-15,1.18e-15,1.05e-14,6.16e-15,2.15e-14,6.35e-15,9.96e-15,1.22e-15,1.4e-14,8.1e-15,3.35e-14,1.02e-14,0.349591,0.14146,0.10661400000000001,0.126861,-0.443655,0.13831300000000002,-0.0936693,0.27127199999999996,0.0,0.0,,,0,52235.28273,54978.32649,,,2,f,http://xmm-catalog.irap.omp.eu/source/200052101010058/
254467,206022000000000.0,3XMM J114432.0+200625,176.1333405,20.10708276,1.5460200000000002,25.5933,1.49e-15,7.65e-16,5.86e-15,1.3e-15,3.2e-15,1.18e-15,2.74e-15,2.87e-15,3.76e-15,1.48e-14,2.55e-14,1.61e-14,1.45e-14,2.89e-15,2.55e-14,1.61e-14,2.55e-14,1.61e-14,0.667287,0.155194,-0.288984,0.185778,-0.32419899999999996,0.33276300000000003,-0.20822800000000002,0.529395,0.0,0.0,,,0,54978.08647,54978.32649,,,1,f,http://xmm-catalog.irap.omp.eu/source/206022001010037/
254564,200617000000000.0,3XMM J114503.8+193714,176.2658969,19.6208242,1.29968,18.1227,9.19e-17,3.2e-16,5.44e-15,1.08e-15,7.77e-16,7.34e-16,1.6e-15,1.45e-15,8.040000000000001e-15,8.91e-15,1.83e-14,9.23e-15,9.48e-15,2.2e-15,1.83e-14,9.23e-15,1.83e-14,9.23e-15,0.970088,0.08997139999999999,-0.6563899999999999,0.181555,-0.0542404,0.402505,-0.13810899999999998,0.48480200000000007,0.0,0.0,0.154242933,f,3,52055.88108,52056.2049,0.420013517,0.33370018,1,f,http://xmm-catalog.irap.omp.eu/source/200617401010042/
254565,200617000000000.0,3XMM J114503.8+195825,176.2660794,19.9736495,0.55328,350.626,2.52e-15,5.980000000000001e-16,8.95e-15,1.0699999999999998e-15,3.78e-15,8.919999999999999e-16,4.65e-14,4.13e-15,2.44e-13,2.7e-14,3.11e-13,2.74e-14,4.31e-14,2.91e-15,2.84e-13,2.87e-14,6e-13,9.39e-14,0.57607,0.0881844,-0.440694,0.09785830000000001,0.6138060000000001,0.07313430000000001,0.245892,0.0605145,0.0,0.0,0.150258377,f,0,52055.88108,54978.32649,0.281820118,0.188102692,2,f,http://xmm-catalog.irap.omp.eu/source/200617401010013/
254573,200617000000000.0,3XMM J114505.0+193623,176.27086830000002,19.60659999,0.24371500000000001,47044.7,5.17e-13,6.33e-15,6.31e-13,7.040000000000001e-15,5.23e-13,6.829999999999999e-15,4.96e-13,1.17e-14,6.64e-13,3.86e-14,2.8499999999999998e-12,4.21e-14,1.92e-12,1.58e-14,2.5699999999999998e-12,4.74e-14,3.9e-12,9.19e-14,0.113532,0.00802999,-0.130838,0.00814871,-0.504868,0.00974841,-0.517776,0.0224598,0.0,0.0,0.069645792,f,1,52055.88108,55160.37025,0.085976303,0.031889848,2,f,http://xmm-catalog.irap.omp.eu/source/200617401010001/
254658,203019000000000.0,3XMM J114523.8+201930,176.3492334,20.32510588,1.13086,105.31,2.77e-15,6.809999999999999e-16,8.75e-15,1.1699999999999999e-15,1.97e-15,7.42e-16,6.3e-15,2.23e-15,4.870000000000001e-15,9.94e-15,2.57e-14,1.03e-14,1.88e-14,2.31e-15,2.57e-14,1.03e-14,2.57e-14,1.03e-14,0.46728800000000004,0.10697000000000001,-0.6876220000000001,0.10595,0.0549637,0.25852800000000004,-0.605581,0.492491,0.0,0.0,,,0,53882.72019,53883.043529999995,,,1,f,http://xmm-catalog.irap.omp.eu/source/203019006010019/
254857,203019000000000.0,3XMM J114559.2+202650,176.49702280000002,20.44747919,0.9937819999999999,81.2194,9.32e-16,3.1699999999999997e-16,4.4e-15,6.46e-16,2.16e-15,5.23e-16,4.62e-16,4.879999999999999e-16,3.65e-15,3.44e-15,1.26e-14,3.71e-15,1.02e-14,1.27e-15,1.26e-14,3.71e-15,1.26e-14,3.71e-15,0.620066,0.112826,-0.38818400000000003,0.11403699999999999,-0.855499,0.10740699999999999,0.025777099999999997,0.341327,0.0,0.0,,,0,53882.72019,53883.043529999995,,,1,f,http://xmm-catalog.irap.omp.eu/source/203019006010017/
254933,203019000000000.0,3XMM J114612.1+202329,176.55076530000002,20.3916549,0.216856,34913.1,9.54e-14,2.18e-15,1.6200000000000002e-13,2.98e-15,1.8199999999999998e-13,3.3299999999999997e-15,2.29e-13,6.41e-15,3.73e-13,1.72e-14,1.04e-12,1.9e-14,6.05e-13,7.13e-15,1.04e-12,1.9e-14,1.04e-12,1.9e-14,0.214747,0.013939700000000003,-0.00234401,0.012842300000000001,-0.39236,0.0141489,-0.431613,0.0218995,0.0,0.0,0.157811105,f,1,53882.72019,53883.043529999995,0.122029662,0.06417141900000001,1,f,http://xmm-catalog.irap.omp.eu/source/203019006010001/
256989,206554000000000.0,3XMM J115339.9+432737,178.41629790000002,43.46040091,4.04016,32.1013,6.1700000000000005e-15,1.99e-15,1.02e-14,2.1899999999999997e-15,7.170000000000001e-15,2.51e-15,6.39e-15,4.21e-15,2.26e-14,2.34e-14,6.09e-14,2.44e-14,3.08e-14,5.27e-15,6.09e-14,2.44e-14,6.09e-14,2.44e-14,0.21597800000000003,0.16831400000000002,-0.184033,0.20033499999999999,-0.290377,0.263362,-0.373028,0.416811,12.7994,12.4829,,,0,55551.03626,55551.22822999999,,,1,f,http://xmm-catalog.irap.omp.eu/source/206553807010021/
258193,206013000000000.0,3XMM J115807.4+263121,179.5312235,26.52266901,0.798995,201.579,6.99e-16,5.92e-16,2.23e-15,8.99e-16,2.41e-15,9.039999999999999e-16,4.36e-14,5.01e-15,2.71e-13,3.83e-14,3.2e-13,3.87e-14,3e-14,3.2299999999999996e-15,3.2e-13,3.87e-14,3.2e-13,3.87e-14,0.48345299999999997,0.31055900000000003,0.111132,0.267235,0.7334510000000001,0.0881155,0.188165,0.0854207,0.0,0.0,,,1,55185.82012999999,55186.28486,,,1,f,http://xmm-catalog.irap.omp.eu/source/206012602010027/
260146,205551000000000.0,3XMM J120222.7+295142,180.5948017,29.86179529,1.99698,18.3517,2.6600000000000002e-15,1.9100000000000003e-15,8.009999999999999e-15,3.35e-15,1.25e-14,4.84e-15,1.78e-14,1.12e-14,1.24e-13,1.05e-13,1.65e-13,1.05e-13,3.89e-14,1.02e-14,1.65e-13,1.05e-13,1.65e-13,1.05e-13,0.438921,0.33516799999999997,0.0586124,0.284378,-0.356682,0.323775,0.348634,0.462345,0.0,0.0,,,0,55369.36162999999,55369.74552999999,,,1,f,http://xmm-catalog.irap.omp.eu/source/205550603010038/
260827,201123000000000.0,3XMM J120355.9+202550,180.9831863,20.43061063,1.5140200000000001,11.5249,3.0399999999999997e-15,1.5e-15,5.81e-15,1.97e-15,1.27e-15,9.78e-16,1.13e-15,2.18e-15,1.05e-14,2.17e-14,3.32e-14,2.26e-14,1.09e-14,3.26e-15,3.26e-14,2.79e-14,3.43e-14,3.86e-14,0.376761,0.21944899999999998,-0.22899099999999997,0.186366,-0.768004,0.196515,0.553507,0.32366,0.0,0.0,,,0,52641.97918,52799.99718,,,2,f,http://xmm-catalog.irap.omp.eu/source/201122706010025/
260940,201123000000000.0,3XMM J120411.2+202436,181.04702980000002,20.41001228,0.906943,61.2115,9.22e-16,8.24e-16,2.16e-15,1.05e-15,2.47e-15,1.1e-15,5.15e-14,6.2700000000000005e-15,1.91e-13,3.78e-14,2.5499999999999997e-13,3.84e-14,4.01e-14,4.3e-15,2.34e-13,5.8e-14,2.94e-13,7.34e-14,0.608126,0.122723,-0.407393,0.17188499999999998,0.740472,0.0928361,-0.0482246,0.10953199999999999,0.0,0.0,,,0,52641.97918,52820.16245,,,3,f,http://xmm-catalog.irap.omp.eu/source/201122706010010/
262583,201514000000000.0,3XMM J120805.5+251414,182.02309169999998,25.23727694,0.39869299999999996,2152.34,1.41e-14,1.23e-15,5.52e-14,2.37e-15,2.82e-14,1.94e-15,1.3e-14,2.46e-15,6.98e-15,4.65e-15,1.18e-13,6.24e-15,1.3200000000000002e-13,4.7e-15,1.18e-13,6.24e-15,1.18e-13,6.24e-15,0.5842149999999999,0.0321769,-0.380506,0.034295599999999996,-0.702241,0.0474056,-0.777468,0.11501099999999999,0.0,0.0,0.45341181799999997,f,1,52785.664489999996,52785.81537,0.02712219,0.8560060859999999,1,f,http://xmm-catalog.irap.omp.eu/source/201514002010001/
262859,201500000000000.0,3XMM J120900.8+422828,182.25346169999997,42.47471451,1.23126,40.0754,1.24e-15,5.91e-16,2.85e-15,8.81e-16,3.3700000000000003e-15,9.67e-16,5.14e-15,1.9600000000000003e-15,1.37e-14,1.1e-14,3.19e-14,1.15e-14,1.33e-14,2.2399999999999997e-15,3.19e-14,1.15e-14,3.19e-14,1.15e-14,0.291169,0.253252,0.02712,0.208143,-0.10649600000000001,0.18229,-0.378407,0.30411,0.0,0.0,,,0,52965.80433,52965.923839999996,,,1,f,http://xmm-catalog.irap.omp.eu/source/201500106010029/
263106,201500000000000.0,3XMM J120937.3+421908,182.4055372,42.31898308,2.22502,11.3931,5.690000000000001e-16,6.110000000000001e-16,2.8300000000000002e-15,1e-15,5.16e-16,6.1600000000000005e-16,3.1099999999999998e-16,8.689999999999999e-16,8.18e-15,2.11e-14,1.43e-14,2.12e-14,5.18e-15,1.88e-15,1.43e-14,2.12e-14,1.43e-14,2.12e-14,0.7963279999999999,0.211432,-0.578782,0.26827199999999995,-0.14763900000000002,0.44473500000000005,0.169924,0.707074,0.0,0.0,,,0,52965.80433,52965.923839999996,,,1,f,http://xmm-catalog.irap.omp.eu/source/201500106010075/
263533,201123000000000.0,3XMM J121016.9+391814,182.57072240000002,39.30402995,0.190618,1954.69,2.26e-15,1.73e-16,7.14e-15,2.9e-16,7.729999999999999e-15,3.05e-16,9.66e-15,5.89e-16,1.59e-14,2.65e-15,5.38e-14,2.85e-15,2.83e-14,6.89e-16,1.93e-14,2.38e-14,3.3299999999999994e-13,1.3699999999999997e-13,0.328436,0.0257216,0.034768900000000005,0.0233175,-0.42221899999999996,0.0257036,-0.394038,0.053823800000000005,8.67298,10.3431,0.009464528,f,3,51899.70427,57378.92502,0.33833879200000005,0.10194417800000001,25,f,http://xmm-catalog.irap.omp.eu/source/201123101010005/
263933,201128000000000.0,3XMM J121049.5+392822,182.7066394,39.47282247,0.12313299999999999,29097.1,2.57e-14,6.2e-16,5.1e-14,8.449999999999999e-16,5.32e-14,9.01e-16,7.29e-14,1.83e-15,1.31e-13,6.06e-15,3.4399999999999995e-13,6.58e-15,1.8600000000000002e-13,1.99e-15,1.06e-13,1.92e-14,4.6e-13,9.76e-15,0.284946,0.011782299999999999,-0.013291800000000001,0.0107301,-0.368251,0.0120955,-0.363773,0.0201389,0.0,0.0,0.16820339899999998,f,3,51900.1553,56271.79234,0.240669012,0.14855174699999998,10,f,http://xmm-catalog.irap.omp.eu/source/201128305010003/
264863,203017000000000.0,3XMM J121231.0+291006,183.12956409999998,29.1685442,0.782675,434.205,5.83e-16,3.43e-16,1.45e-14,1.37e-15,1.18e-14,1.32e-15,5.91e-15,1.78e-15,2.1e-15,3.56e-15,4.14e-14,5.38e-15,4.03e-14,2.89e-15,4.14e-14,5.38e-15,4.14e-14,5.38e-15,0.940263,0.0369069,-0.163348,0.06972110000000001,-0.7099340000000001,0.07896900000000001,-0.737404,0.21974200000000002,0.0,0.0,0.044036381,f,0,53906.9359,53907.064020000005,0.286023796,0.119048968,1,f,http://xmm-catalog.irap.omp.eu/source/203016517010004/
265438,207451000000000.0,3XMM J121352.5+141314,183.469156,14.22069507,2.91473,54.8042,8.94e-16,3.21e-16,5.190000000000001e-16,3.13e-16,9.71e-16,4.41e-16,2.63e-15,1.05e-15,0.0,6.570000000000001e-15,1.21e-14,6.75e-15,1.1e-15,6.950000000000001e-16,1.21e-14,6.75e-15,1.21e-14,6.75e-15,0.00376139,0.115476,-0.605969,0.158599,0.0824528,0.27305300000000005,-1.0,0.74329,7.6405,17.8434,0.34716734299999996,f,4,56824.018229999994,56825.183529999995,0.22865268600000002,0.38455835,1,f,http://xmm-catalog.irap.omp.eu/source/207451102010078/
267318,200960000000000.0,3XMM J121826.5+294846,184.6104741,29.812902,0.0700448,5400000.0,4.81e-12,5.3e-15,4.66e-12,5.0899999999999995e-15,4.1900000000000005e-12,4.52e-15,6.129999999999999e-12,9.19e-15,9.390000000000001e-12,2.53e-14,3.09e-11,2.85e-14,1.51e-11,1.02e-14,1.4699999999999998e-11,6e-14,7.01e-11,1.3200000000000002e-13,0.0595774,0.000694196,0.0365724,0.0006694960000000001,-0.358009,0.0007220489999999999,-0.556968,0.00101572,0.0,0.0,0.0,t,3,51684.55394,57209.23845,0.20093317300000002,0.006115120999999999,9,f,http://xmm-catalog.irap.omp.eu/source/200960201010001/
268265,207825000000000.0,3XMM J122016.2+333937,185.06787749999998,33.66050377,1.57325,10.1045,5.03e-16,6.24e-16,5.179999999999999e-16,4.57e-16,2.57e-16,4.6e-16,5.87e-16,1.27e-15,2.14e-14,1.07e-14,2.5e-14,1.08e-14,3.79e-15,1.5099999999999999e-15,2.5e-14,1.08e-14,2.5e-14,1.08e-14,0.26105500000000004,0.500447,-0.759731,0.325953,0.7279770000000001,0.762534,0.433609,0.362211,0.0,0.0,,,0,57710.10852,57710.16688,,,1,f,http://xmm-catalog.irap.omp.eu/source/207825302010044/
272426,207227000000000.0,3XMM J122814.1+073628,187.0590891,7.608008975,1.49705,24.0021,9.44e-16,3e-16,8e-16,3.1e-16,7.26e-16,3.34e-16,1.31e-16,4.1399999999999997e-16,9.829999999999999e-15,6.2799999999999995e-15,1.26e-14,6.32e-15,2.35e-15,7.17e-16,1.26e-14,6.32e-15,1.26e-14,6.32e-15,0.0601937,0.197948,-0.27975900000000004,0.223832,-0.9463530000000001,0.24904600000000002,0.998503,0.163931,0.0,0.0,,,0,56656.963579999996,56657.77422000001,,,1,f,http://xmm-catalog.irap.omp.eu/source/207226702010075/
277795,202044000000000.0,3XMM J123519.9+393110,188.8329757,39.51967182,0.7503770000000001,208.372,4.75e-16,2.2000000000000002e-16,2.98e-15,4.61e-16,4.75e-15,6.2199999999999995e-16,6.33e-15,1.31e-15,5.720000000000001e-15,4.56e-15,2.1e-14,4.9e-15,1.43e-14,1.28e-15,2.1e-14,4.9e-15,2.1e-14,4.9e-15,0.716384,0.114507,0.159863,0.09669349999999999,-0.313781,0.103566,-0.530938,0.222061,0.0,0.0,,,0,53149.18417,53149.63596,,,1,f,http://xmm-catalog.irap.omp.eu/source/202044001010016/
278142,206517000000000.0,3XMM J123542.3-001252,188.92661719999998,-0.21469786100000002,1.54787,78.7819,1.8600000000000002e-15,8.060000000000001e-16,1.08e-14,1.7100000000000002e-15,2.6100000000000002e-15,9.900000000000001e-16,2.13e-15,1.78e-15,4.13e-15,7.94e-15,2.12e-14,8.45e-15,2.11e-14,3.13e-15,2.12e-14,8.45e-15,2.12e-14,8.45e-15,0.692103,0.11801800000000001,-0.667293,0.111525,-0.537687,0.298333,0.133183,0.56871,0.0,0.0,,,0,55378.99409,55379.09635,,,1,f,http://xmm-catalog.irap.omp.eu/source/206517403010003/
280634,202022000000000.0,3XMM J124140.5+332455,190.41891669999998,33.41549103,1.17906,82.7043,1.5900000000000002e-16,1.21e-16,2.1399999999999997e-15,3.04e-16,2.54e-15,3.83e-16,2e-15,7.059999999999999e-16,5.68e-16,2.56e-15,7.34e-15,2.74e-15,9.04e-15,8.5e-16,6.97e-15,2.75e-15,4.02e-14,2.58e-14,0.803007,0.088315,0.029402099999999997,0.09730369999999999,-0.46011499999999994,0.117605,0.551655,0.214943,7.43335,4.52966,,,0,53541.95528,53544.26244,,,2,f,http://xmm-catalog.irap.omp.eu/source/202021802010075/
286975,204066000000000.0,3XMM J125359.1+262638,193.49638380000002,26.44415275,1.04456,132.6,4.18e-15,9.35e-16,8.06e-15,1.23e-15,4.05e-15,1.05e-15,1.6199999999999999e-15,1.68e-15,5.5200000000000006e-15,8.92e-15,2.96e-14,9.5e-15,2.09e-14,2.6600000000000002e-15,2.96e-14,9.5e-15,2.96e-14,9.5e-15,0.210371,0.11973099999999999,-0.361661,0.123115,-0.728672,0.187728,-0.127805,0.528583,0.0,0.0,,,0,53887.71384,53887.87285,,,1,f,http://xmm-catalog.irap.omp.eu/source/204066103010010/
288345,204032000000000.0,3XMM J125651.1+265355,194.2132284,26.89888778,0.612686,178.547,2.43e-15,2.9700000000000004e-16,4.3700000000000004e-15,3.71e-16,2.55e-15,3.5e-16,6.59e-16,4.85e-16,1.45e-14,5.04e-15,2.5e-14,5.11e-15,1.02e-14,7.79e-16,1.84e-14,6.35e-15,3.72e-14,8.609999999999999e-15,0.28039400000000003,0.0673715,-0.319821,0.07009320000000001,-0.75703,0.10773599999999998,0.777109,0.133536,0.0,0.0,0.7938297990000001,f,0,53903.04332999999,53907.84505,,,2,f,http://xmm-catalog.irap.omp.eu/source/204031503010025/
288694,201247000000000.0,3XMM J125710.7+272417,194.29476200000002,27.40487459,0.12723099999999998,6127.53,2.19e-14,4.809999999999999e-16,2.38e-14,5.28e-16,2.87e-14,6.28e-16,5e-14,1.41e-15,1.0699999999999999e-13,5.55e-15,2.6899999999999996e-13,5.87e-15,1.04e-13,1.3800000000000001e-15,1.67e-13,5.73e-14,9.6e-13,4.8e-14,-0.0100107,0.0104578,-0.10700699999999999,0.0112289,-0.359747,0.013386000000000002,-0.303017,0.0234217,0.0,0.0,5e-43,t,1,51716.46648,56082.53544,0.634183884,0.038359608999999996,14,f,http://xmm-catalog.irap.omp.eu/source/201247101010002/
288963,201247000000000.0,3XMM J125725.2+272416,194.3551857,27.40460575,0.30899099999999996,196.68400000000003,1.9300000000000002e-15,1.67e-16,5.8e-15,2.7e-16,1.92e-15,2.1099999999999998e-16,1.75e-15,3.68e-16,5.45e-15,1.6199999999999999e-15,2.33e-14,1.94e-15,1.36e-14,5.669999999999999e-16,1.87e-14,1.42e-14,3.49e-14,1.9e-14,0.486917,0.034062,-0.512495,0.0379006,-0.55392,0.0603789,0.0694747,0.09237619999999999,0.0,0.0,0.258078665,f,0,51716.46648,56082.53544,0.307458222,0.309283286,12,f,http://xmm-catalog.irap.omp.eu/source/201247101010035/
289141,204032000000000.0,3XMM J125736.5+270152,194.4023378,27.0312939,0.385868,345.005,2.09e-15,2.1299999999999999e-16,3.78e-15,2.74e-16,3.88e-15,3.12e-16,4.01e-15,5.769999999999999e-16,5.2899999999999996e-15,2.1899999999999997e-15,2.07e-14,2.41e-15,1.29e-14,6.56e-16,1.83e-14,2.98e-15,2.54e-14,4.11e-15,0.285826,0.056973300000000004,-0.0399007,0.0530342,-0.44421099999999997,0.0625289,-0.343048,0.120024,0.0,0.0,0.055103552,f,0,53903.04332999999,53907.84505,0.289666414,0.12534222,2,f,http://xmm-catalog.irap.omp.eu/source/204031503010013/
289421,206523000000000.0,3XMM J125754.3+272921,194.4765419,27.48926645,3.5415099999999997,16.9287,2.79e-16,1.83e-15,3.6900000000000004e-18,9.650000000000001e-16,1.72e-16,1.6199999999999999e-15,9.53e-15,1.05e-14,3.5e-15,3.6e-14,1.28e-14,3.77e-14,7.48e-16,3.8200000000000005e-15,1.28e-14,3.77e-14,1.28e-14,3.77e-14,-0.9664370000000001,0.967634,0.9822069999999999,0.516936,0.427422,0.41516899999999995,0.46331999999999995,0.31616,0.0,0.0,,,2,55383.523960000006,55383.57498,,,1,f,http://xmm-catalog.irap.omp.eu/source/206523106010017/
289588,201247000000000.0,3XMM J125805.4+281436,194.5226038,28.24361019,0.6475529999999999,385.892,7.3e-15,8.470000000000001e-16,2.81e-14,1.46e-15,1.4e-14,1.22e-15,3.35e-15,1.4e-15,8.06e-15,7.25e-15,6.19e-14,7.91e-15,5.45e-14,2.74e-15,5.01e-14,9.27e-15,1.21e-13,5.11e-14,0.58819,0.0391648,-0.379013,0.0417828,-0.835318,0.0549756,-0.037438400000000004,0.24507199999999998,7.178839999999999,63.0352,0.5271945,f,3,51719.06222,51888.80065,,,3,f,http://xmm-catalog.irap.omp.eu/source/201247111010009/
289655,200944000000000.0,3XMM J125810.2+242056,194.5425413,24.34907574,2.31069,9.9378,3.3199999999999997e-16,1.23e-15,1.9300000000000002e-15,2.64e-15,5.1899999999999995e-15,2.7600000000000003e-15,8.95e-15,5.55e-15,5.59e-15,2.09e-14,3.46e-14,2.4e-14,2.07e-14,6.5400000000000006e-15,3.46e-14,2.4e-14,3.46e-14,2.4e-14,0.68185,0.43673900000000004,0.054835,0.41038500000000006,-0.0452876,0.350292,-0.524364,0.345141,0.0,0.0,,,0,52620.86065,52620.92963,,,1,f,http://xmm-catalog.irap.omp.eu/source/200943832010015/
289785,201247000000000.0,3XMM J125818.6+271839,194.5777542,27.3110797,0.867974,51.6344,1.3300000000000001e-15,2.3799999999999997e-16,1.7300000000000001e-15,2.55e-16,1.31e-15,2.73e-16,1.37e-15,5.82e-16,4.45e-15,3e-15,1.38e-14,3.2200000000000003e-15,6.490000000000001e-15,6.759999999999999e-16,1.05e-14,4.63e-15,2.31e-14,7.990000000000001e-15,0.39766,0.08379589999999999,-0.322762,0.0884201,-0.497334,0.141018,0.427752,0.177918,0.0,0.0,,,0,51722.548989999996,53901.602889999995,,,3,f,http://xmm-catalog.irap.omp.eu/source/201247103010027/
289826,201247000000000.0,3XMM J125821.8+275800,194.5909334,27.96689902,0.813264,47.4537,1.48e-15,4.92e-16,7.28e-15,9.18e-16,1.3800000000000001e-15,5.860000000000001e-16,1.6899999999999999e-15,1.41e-15,1.21e-14,7.65e-15,2.68e-14,7.96e-15,1.51e-14,1.9600000000000003e-15,2.61e-14,1.29e-14,2.73e-14,1.01e-14,0.6458020000000001,0.0910008,-0.598917,0.0990333,-0.407303,0.22106599999999998,0.167684,0.287233,0.0,0.0,0.018558187,f,3,51707.459969999996,51888.38663,0.44075155299999996,0.162139386,2,f,http://xmm-catalog.irap.omp.eu/source/201247106010016/
289971,201247000000000.0,3XMM J125835.2+271552,194.6468851,27.26445044,1.36715,23.2784,1.3e-15,3.9e-16,2.3399999999999998e-15,4.67e-16,6.480000000000001e-16,3.64e-16,2e-15,1.05e-15,1.41e-15,3.5299999999999998e-15,9.140000000000001e-15,3.9299999999999996e-15,6.75e-15,1.14e-15,6.3700000000000006e-15,4.4e-15,2.03e-14,8.8e-15,0.328712,0.137705,-0.253898,0.13705799999999999,-0.17798,0.21416300000000002,-0.446342,0.390201,0.0,0.0,,,0,51722.548989999996,53897.81855,,,2,f,http://xmm-catalog.irap.omp.eu/source/201247103010020/
290258,201247000000000.0,3XMM J125905.1+273838,194.7714532,27.64394071,1.58426,17.0662,2.42e-15,7.19e-16,3.67e-15,9.210000000000002e-16,7.37e-16,6.35e-16,2.7800000000000002e-15,1.78e-15,5.669999999999999e-16,5e-15,1.07e-14,5.61e-15,8.92e-15,2.07e-15,1.07e-14,5.61e-15,1.07e-14,5.61e-15,0.257983,0.173051,-0.43940500000000005,0.201916,-0.383286,0.332649,-0.697346,0.714333,0.0,0.0,0.06891679,f,0,51693.14559,51693.43736,1.017582536,0.484606087,1,f,http://xmm-catalog.irap.omp.eu/source/201247105010037/
291248,202040000000000.0,3XMM J130048.5+280929,195.2024872,28.15808824,3.35775,9.19353,2.47e-16,3.76e-16,3.6200000000000004e-15,8.56e-16,1.05e-15,1.02e-15,0.0,1.6399999999999998e-15,0.0,1.69e-14,4.92e-15,1.7e-14,1.45e-14,2.6e-15,4.92e-15,1.7e-14,4.92e-15,1.7e-14,0.864591,0.193997,-0.648997,0.287941,-1.0,1.0422799999999999,,,0.0,0.0,,,0,53162.8239,53163.88752,,,1,f,http://xmm-catalog.irap.omp.eu/source/202040401010117/
291483,201247000000000.0,3XMM J130125.8+275307,195.35771259999999,27.88555287,1.33255,295.039,1.38e-14,1.59e-15,4.02e-14,2.32e-15,2.58e-14,2.4e-15,1.36e-14,4.23e-15,2.13e-14,2.02e-14,1.3e-13,2.14e-14,1.0300000000000002e-13,5.37e-15,1.3e-13,2.36e-14,1.31e-13,5.05e-14,0.513389,0.0470504,-0.260875,0.0484969,-0.669205,0.08002619999999999,-0.369764,0.274204,15.128,105.48,0.019780314,f,3,51707.0426,51889.1669,0.55812186,0.17485906199999998,2,f,http://xmm-catalog.irap.omp.eu/source/201247109010017/
291743,201247000000000.0,3XMM J130208.2+273856,195.5342309,27.64892379,1.5863,38.338,8.279999999999999e-16,3.79e-16,3.57e-15,6.519999999999999e-16,1.55e-16,2.64e-16,6.530000000000001e-16,8.95e-16,1.58e-15,4.49e-15,8.98e-15,4.79e-15,6.4e-15,1.24e-15,8.98e-15,4.79e-15,8.98e-15,4.79e-15,0.669193,0.12645399999999998,-0.9293530000000001,0.098885,-0.21882100000000002,0.503003,-0.609913,0.702746,0.0,0.0,,,0,51888.89198,51889.1669,,,1,f,http://xmm-catalog.irap.omp.eu/source/201247108010027/
291828,201247000000000.0,3XMM J130221.4+281521,195.5892694,28.25598033,1.57055,11.5764,1.65e-16,2.83e-16,1.3e-15,5.740000000000001e-16,2.0300000000000002e-15,7.95e-16,1.25e-15,1.28e-15,1.21e-15,6.32e-15,9.79e-15,6.99e-15,7.33e-15,1.72e-15,9.79e-15,6.99e-15,9.79e-15,6.99e-15,0.49926400000000004,0.297686,0.100337,0.252562,-0.372773,0.289599,-0.42173900000000003,0.608294,0.0,0.0,,,0,52430.79885,52431.06503,,,1,f,http://xmm-catalog.irap.omp.eu/source/201247124010058/
294154,203122000000000.0,3XMM J130821.0+113054,197.0875159,11.51522464,1.8109400000000002,7.4091,4.1500000000000004e-16,5.91e-16,2.0300000000000002e-15,8.88e-16,2.51e-15,1.03e-15,7.059999999999999e-16,1.31e-15,3.11e-15,1.17e-14,1.18e-14,1.2e-14,8.34e-15,2.23e-15,1.18e-14,1.2e-14,1.18e-14,1.2e-14,0.709845,0.390469,0.0781206,0.276826,-0.540883,0.304677,0.18642,1.23967,0.0,0.0,,,1,53913.302429999996,53913.470689999995,,,1,f,http://xmm-catalog.irap.omp.eu/source/203121921010072/
294680,202059000000000.0,3XMM J130916.0+292201,197.3167979,29.36716096,0.8886379999999999,186.138,1.46e-15,3.21e-16,5.06e-15,5.25e-16,1.7300000000000001e-15,4.0499999999999997e-16,6.24e-16,5.71e-16,2.67e-15,4.61e-15,1.23e-14,4.7700000000000006e-15,1.07e-14,1.0699999999999998e-15,1.23e-14,4.7700000000000006e-15,1.23e-14,4.7700000000000006e-15,0.559623,0.0837029,-0.550204,0.0891567,-0.727997,0.18876600000000002,0.880282,0.246529,0.0,0.0,0.841116965,f,0,53382.40788,53383.18265,,,1,f,http://xmm-catalog.irap.omp.eu/source/202059101010036/
299483,200936000000000.0,3XMM J132035.3+340821,200.1471647,34.13938253,0.330396,2539.21,2.91e-15,5.45e-16,1.95e-14,1.18e-15,3.08e-14,1.5099999999999999e-15,3.97e-14,2.95e-15,4.9e-14,7.3e-15,1.4300000000000002e-13,8.17e-15,9.13e-14,3.0899999999999997e-15,1.4300000000000002e-13,8.17e-15,1.4300000000000002e-13,8.17e-15,0.734704,0.044180199999999996,0.184354,0.0369807,-0.386004,0.0376287,-0.535906,0.059405200000000005,0.0,0.0,0.173155621,f,0,51918.4827,51918.6661,0.12582659699999998,0.08202554299999999,1,f,http://xmm-catalog.irap.omp.eu/source/200936404010004/
303712,205025000000000.0,3XMM J132717.1+320149,201.8212507,32.03040716,1.93894,8.681289999999999,4.3700000000000004e-15,2.05e-15,1.72e-15,1.55e-15,4.32e-16,7.9800000000000005e-16,8.73e-15,4.89e-15,1.08e-14,3.38e-14,2.61e-14,3.43e-14,6.5400000000000006e-15,3.3200000000000003e-15,2.61e-14,3.43e-14,2.61e-14,3.43e-14,-0.430036,0.41340200000000005,-0.547849,0.7187,0.760219,0.407121,-0.592867,1.0277399999999999,0.0,0.0,,,0,54439.954979999995,54440.355610000006,,,1,f,http://xmm-catalog.irap.omp.eu/source/205025103010089/
304557,200412000000000.0,3XMM J132924.1+114751,202.35082869999997,11.79759491,1.44265,20.8354,9.09e-16,3.98e-16,3.0699999999999998e-15,6.1e-16,7.11e-16,3.98e-16,6.009999999999999e-17,5.179999999999999e-16,5.2e-16,2.8100000000000003e-15,5.77e-15,3.0199999999999998e-15,7.32e-15,1.23e-15,5.77e-15,3.0199999999999998e-15,5.77e-15,3.0199999999999998e-15,0.496709,0.154604,-0.628499,0.167542,-0.9587040000000001,0.38806199999999996,0.984822,1.44757,0.0,0.0,,,3,52273.85225,52274.08369,,,1,f,http://xmm-catalog.irap.omp.eu/source/200411808010029/
304605,200412000000000.0,3XMM J132929.2+113731,202.3719361,11.62533567,1.36489,60.1324,2.07e-15,6.31e-16,7.259999999999999e-15,1.1199999999999999e-15,4.1900000000000005e-16,3.94e-16,2.2899999999999997e-15,1.68e-15,1.12e-14,1.23e-14,2.64e-14,1.26e-14,1.49e-14,2.2399999999999997e-15,2.64e-14,1.26e-14,2.64e-14,1.26e-14,0.567445,0.116273,-0.760396,0.10585,0.184723,0.22481199999999998,-0.18248699999999998,0.507757,0.0,0.0,,,3,52273.85225,52274.08369,,,1,f,http://xmm-catalog.irap.omp.eu/source/200411808010032/
304667,200412000000000.0,3XMM J132935.5+114153,202.3983221,11.69823807,1.46088,8.699869999999999,7.75e-16,3.7999999999999996e-16,3.86e-16,3.25e-16,8e-16,4.4599999999999995e-16,2.85e-16,6.31e-16,8.6e-15,6.78e-15,1.2e-14,6.88e-15,2.94e-15,1.04e-15,1.2e-14,6.88e-15,1.2e-14,6.88e-15,0.14527,0.29732600000000003,0.130745,0.280523,-0.8923270000000001,0.215151,0.949781,0.178275,0.0,0.0,,,0,52273.85225,52274.08369,,,1,f,http://xmm-catalog.irap.omp.eu/source/200411808010059/
305988,206535000000000.0,3XMM J133126.2+110219,202.85928130000002,11.03879907,1.36863,31.3709,9.69e-16,3.0800000000000003e-16,2.06e-15,4.72e-16,1.6199999999999999e-15,4.97e-16,1.58e-15,9.34e-16,4.7100000000000004e-17,2.58e-15,7.009999999999999e-15,2.91e-15,6.3799999999999995e-15,1.1199999999999999e-15,7.009999999999999e-15,2.91e-15,7.009999999999999e-15,2.91e-15,0.450855,0.145366,-0.261424,0.17574700000000001,-0.386542,0.22634400000000002,-0.6240979999999999,0.640825,0.0,0.0,,,1,55390.29979,55390.658879999995,,,1,f,http://xmm-catalog.irap.omp.eu/source/206534504010065/
307703,206018000000000.0,3XMM J133548.2+025956,203.9510305,2.998923033,0.166974,82823.0,1.39e-14,1.14e-15,2.83e-14,1.56e-15,3.0299999999999997e-13,5.02e-15,2.24e-12,2.29e-14,5.09e-12,7.01e-14,7.68e-12,7.41e-14,1.52e-12,1.31e-14,7.68e-12,7.41e-14,7.68e-12,7.41e-14,0.339404,0.043110699999999995,0.81145,0.00980997,0.44286800000000004,0.00782006,-0.279252,0.00787162,0.0,0.0,0.045110997,f,1,55226.74532,55226.93091,0.115804426,0.036277287000000005,1,f,http://xmm-catalog.irap.omp.eu/source/206017812010001/
308860,202047000000000.0,3XMM J133729.0+385815,204.3711734,38.97086459,2.32088,9.11561,6.55e-16,1.1e-15,4.79e-15,2.07e-15,3.68e-15,2.0100000000000003e-15,4.2199999999999995e-16,1.79e-15,0.0,2.03e-14,1.36e-14,2.07e-14,1.16e-14,4.18e-15,1.36e-14,2.07e-14,1.36e-14,2.07e-14,0.478576,0.292135,0.00927546,0.32395,-0.942092,0.235948,-1.0,3.63915,0.0,0.0,,,0,53377.074810000006,53377.186610000004,,,1,f,http://xmm-catalog.irap.omp.eu/source/202046511010065/
310677,201126000000000.0,3XMM J134222.2+353726,205.59273000000002,35.62396836,1.90209,11.3807,4.1900000000000005e-16,3.22e-16,1.46e-15,5e-16,1.2e-15,5.14e-16,5.2e-16,6.26e-16,1.1699999999999999e-15,3.9200000000000006e-15,5.84e-15,4.12e-15,4.3700000000000004e-15,1.1199999999999999e-15,5.84e-15,4.12e-15,5.84e-15,4.12e-15,0.37451,0.260497,-0.163133,0.26195100000000004,-0.615787,0.257314,-0.17365799999999998,1.0036100000000001,0.0,0.0,,,0,52439.55218,52439.672439999995,,,1,f,http://xmm-catalog.irap.omp.eu/source/201125517010046/
316416,206932000000000.0,3XMM J135833.6+372712,209.6400201,37.45351237,0.716318,549.373,2.0100000000000003e-15,6.87e-16,2.33e-14,1.9300000000000002e-15,1.92e-14,1.9300000000000002e-15,6.15e-15,2.2899999999999997e-15,3.05e-15,7.51e-15,5.64e-14,8.790000000000001e-15,6.55e-14,4.18e-15,5.64e-14,8.790000000000001e-15,5.64e-14,8.790000000000001e-15,0.8468870000000001,0.0489719,-0.160918,0.06211900000000001,-0.781452,0.06842460000000002,-0.872075,0.316931,0.0,0.0,0.28509128100000003,f,1,56317.539970000005,56317.76036,0.151073247,0.18534727399999998,1,f,http://xmm-catalog.irap.omp.eu/source/206932202010006/
322843,201486000000000.0,3XMM J141534.2+361330,213.89284869999997,36.22520006,1.99532,10.7468,8.35e-16,4.44e-16,6.89e-16,4.0199999999999997e-16,1.32e-15,5.690000000000001e-16,1.67e-16,5.65e-16,4.66e-15,5.38e-15,9.890000000000001e-15,5.75e-15,4.63e-15,1.27e-15,9.890000000000001e-15,5.75e-15,9.890000000000001e-15,5.75e-15,0.0399935,0.261656,0.24581999999999998,0.225906,-0.8443870000000001,0.304163,0.757662,0.410608,0.0,0.0,,,3,52854.35141,52854.79508,,,1,f,http://xmm-catalog.irap.omp.eu/source/201486201010056/
323094,207633000000000.0,3XMM J141607.7+352037,214.03218930000003,35.34370895,0.387268,3932.05,1.49e-14,1.08e-15,3.62e-14,1.7100000000000002e-15,4.06e-14,1.9100000000000003e-15,6.41e-14,4.15e-15,1.2e-13,1.24e-14,2.77e-13,1.33e-14,1.42e-13,4.22e-15,2.77e-13,1.33e-14,2.77e-13,1.33e-14,0.368055,0.0367423,-0.00342631,0.0326946,-0.286055,0.0362954,-0.397941,0.050519699999999994,0.0,0.0,0.16562555699999998,f,0,57398.361520000006,57398.55876,0.197255015,0.117482133,1,f,http://xmm-catalog.irap.omp.eu/source/207633001010001/
323418,202019000000000.0,3XMM J141652.9+104827,214.2205297,10.80765447,0.833551,11617.4,5.08e-14,1.83e-15,1.2e-13,2.75e-15,6.66e-14,2.16e-15,9.13e-14,4.29e-15,1.25e-13,1.08e-14,4.54e-13,1.23e-14,3.16e-13,5.5e-15,4.54e-13,1.23e-14,4.54e-13,1.23e-14,0.412731,0.0175765,-0.337497,0.0175128,-0.352435,0.024987799999999998,-0.500907,0.036768699999999994,0.0,0.0,0.10331065199999999,f,1,53222.705969999995,53222.97029,0.172495335,0.07510814099999999,1,f,http://xmm-catalog.irap.omp.eu/source/202018601010001/
326061,207442000000000.0,3XMM J142413.5+224746,216.05638790000003,22.79628632,1.54932,24.2738,0.0,1.23e-16,1.1099999999999999e-15,2.55e-16,1.19e-15,2.85e-16,1.09e-15,5.669999999999999e-16,0.0,2.98e-15,3.39e-15,3.06e-15,3.95e-15,6.32e-16,3.39e-15,3.06e-15,3.39e-15,3.06e-15,1.0,0.247718,-0.07396900000000001,0.16301,-0.503257,0.208756,-1.0,1.41792,0.0,0.0,,,0,56869.88491,56870.84834,,,1,f,http://xmm-catalog.irap.omp.eu/source/207442401010128/
326361,207442000000000.0,3XMM J142459.8+230731,216.2493662,23.12529859,1.0509600000000001,65.373,2.75e-16,3.05e-16,3.6200000000000004e-15,7.82e-16,3.77e-15,8.410000000000001e-16,7.58e-15,1.9300000000000002e-15,1.67e-14,1.07e-14,3.22e-14,1.1e-14,1.37e-14,1.88e-15,3.22e-14,1.1e-14,3.22e-14,1.1e-14,0.810008,0.157209,-0.0125246,0.155349,-0.16983800000000002,0.164881,-0.202342,0.29231,0.0,0.0,,,1,56869.88491,56870.84834,,,1,f,http://xmm-catalog.irap.omp.eu/source/207442401010083/
330005,205041000000000.0,3XMM J143722.1+363404,219.3421835,36.56786848,0.692735,367.43300000000005,9.8e-15,1.3300000000000001e-15,1.44e-14,1.6399999999999998e-15,8.609999999999999e-15,1.45e-15,6.740000000000001e-15,2.2199999999999998e-15,5.46e-14,1.31e-14,1.02e-13,1.38e-14,3.84e-14,3.4600000000000002e-15,1.02e-13,1.38e-14,1.02e-13,1.38e-14,0.130576,0.0857758,-0.270124,0.0907245,-0.50921,0.109044,0.114951,0.159183,0.0,0.0,0.2086294,f,0,54450.10207000001,54450.3347,0.16677604599999998,0.143537909,1,f,http://xmm-catalog.irap.omp.eu/source/205041004010006/
330967,203002000000000.0,3XMM J144029.3+032556,220.12237940000003,3.432410416,1.66914,8.68638,4.11e-16,3.56e-16,3.49e-16,3.0800000000000003e-16,7.56e-16,6.31e-16,3.41e-16,6.2199999999999995e-16,1.77e-14,6.02e-15,2.28e-14,6.2e-15,2.77e-15,1.1099999999999999e-15,2.28e-14,6.2e-15,2.28e-14,6.2e-15,0.545408,0.268022,-0.198108,0.327563,-0.939893,0.21596700000000002,0.788027,0.178071,0.0,0.0,,,3,53743.38631,53743.6113,,,1,f,http://xmm-catalog.irap.omp.eu/source/203002107010044/
339402,200215000000000.0,3XMM J150707.6+013240,226.7818785,1.544560121,0.994115,479.631,9.01e-15,7.24e-16,3.33e-14,1.15e-15,1.19e-14,9.24e-16,1.18e-14,1.9e-15,2.49e-14,1.13e-14,8.46e-14,1.17e-14,6.46e-14,2.32e-15,5.79e-14,1.74e-14,1.3900000000000001e-13,4.69e-14,0.5466840000000001,0.029521600000000002,-0.524306,0.0291293,-0.525349,0.0647814,0.0983536,0.158919,42.0513,244.896,0.077219069,f,0,51934.62355,56679.3906,0.668445349,0.293201566,4,f,http://xmm-catalog.irap.omp.eu/source/200215401010029/
341428,207434000000000.0,3XMM J151411.9+134838,228.54999640000003,13.81056915,1.9335900000000001,9.708110000000001,2.1e-16,3.2400000000000004e-16,9.51e-16,5.8e-16,2.6100000000000002e-15,7.3e-16,6.55e-16,9.82e-16,1.34e-15,4.51e-15,6.26e-15,4.76e-15,5.89e-15,1.46e-15,6.26e-15,4.76e-15,6.26e-15,4.76e-15,0.65966,0.333258,0.35778899999999997,0.263412,-0.780226,0.232781,-0.128996,0.9178700000000001,0.0,0.0,,,0,56886.61527,56886.83331,,,1,f,http://xmm-catalog.irap.omp.eu/source/207434208010092/
341811,206519000000000.0,3XMM J151505.2+421234,228.77202480000003,42.20959922,1.83919,40.1687,3.03e-15,1.7600000000000002e-15,8.71e-15,2.52e-15,1.68e-15,1.4e-15,1.64e-14,4.9100000000000005e-15,1.51e-14,2.24e-14,4.49e-14,2.32e-14,2.12e-14,4.52e-15,4.49e-14,2.32e-14,4.49e-14,2.32e-14,0.526652,0.23443699999999998,-0.630283,0.265399,0.5622149999999999,0.302239,-0.679675,0.408883,0.0,0.0,,,0,55605.621029999995,55605.86025,,,1,f,http://xmm-catalog.irap.omp.eu/source/206518505010031/
346688,201016000000000.0,3XMM J153457.2+233011,233.73851839999998,23.50314249,0.261586,4043.24,4.52e-15,3.47e-16,3.22e-14,7.87e-16,3.08e-14,7.81e-16,3.55e-14,1.45e-15,7.85e-14,4.61e-15,1.9399999999999998e-13,5.18e-15,1.0699999999999999e-13,1.7600000000000002e-15,1.7100000000000003e-13,1.51e-14,4.1e-13,4.35e-14,0.716492,0.0171103,-0.0645529,0.016918400000000004,-0.409395,0.0194768,-0.278616,0.028769,9.8146,115.568,0.017616842,f,1,52497.36053,56517.96656,0.281407326,0.080142982,6,f,http://xmm-catalog.irap.omp.eu/source/201016408010001/
349727,206554000000000.0,3XMM J154616.3+022454,236.5680463,2.415146825,0.373823,2738.94,8.92e-15,9.029999999999999e-16,5e-14,1.9300000000000002e-15,3.01e-14,1.6199999999999999e-15,2.1e-14,2.53e-15,8.39e-14,9.909999999999999e-15,1.95e-13,1.06e-14,1.26e-13,3.88e-15,1.95e-13,1.06e-14,1.95e-13,1.06e-14,0.699952,0.0277255,-0.306225,0.0298616,-0.607698,0.0415571,0.00010132799999999999,0.08366269999999999,0.0,0.0,0.27182278,f,1,55416.09039,55416.28755,0.16940558,0.167256743,1,f,http://xmm-catalog.irap.omp.eu/source/206553809010002/
504784,207852000000000.0,3XMM J225222.4+010534,343.0935007,1.092841639,3.07632,49.9464,2.6600000000000002e-15,1.42e-15,1.12e-14,2.2e-15,1.62e-14,3.01e-15,1.93e-14,6.82e-15,5.79e-15,2.35e-14,5.46e-14,2.51e-14,4.63e-14,6.13e-15,5.46e-14,2.51e-14,5.46e-14,2.51e-14,0.607201,0.178846,0.101383,0.13358499999999998,-0.41191099999999997,0.167295,-0.8517979999999999,0.47402,9.52046,12.3248,,,3,57559.240289999994,57559.516220000005,,,1,f,http://xmm-catalog.irap.omp.eu/source/207851511010024/
504856,207852000000000.0,3XMM J225249.2+011158,343.20540239999997,1.1997174659999998,1.86873,22.3109,5.29e-16,4.1699999999999997e-16,2.7e-15,8.42e-16,2.38e-15,8.84e-16,1.92e-15,1.6e-15,2.72e-15,8.91e-15,1.39e-14,9.340000000000001e-15,9.53e-15,2.07e-15,1.39e-14,9.340000000000001e-15,1.39e-14,9.340000000000001e-15,0.28842399999999996,0.203963,-0.0908086,0.226041,-0.30511,0.262669,0.10885299999999999,0.328383,0.0,0.0,,,0,57559.240289999994,57559.516220000005,,,1,f,http://xmm-catalog.irap.omp.eu/source/207851511010032/
520030,206730000000000.0,3XMM J233225.4-005053,353.1061718,-0.848164383,1.7257200000000001,41.1924,7.68e-16,7.23e-16,4.7700000000000006e-15,1.4400000000000001e-15,2.7600000000000003e-15,1.3800000000000001e-15,8.47e-15,3.75e-15,1.26e-14,1.49e-14,3.92e-14,1.61e-14,1.75e-14,3.5899999999999996e-15,3.92e-14,1.61e-14,3.92e-14,1.61e-14,0.589584,0.21979899999999997,-0.0013020999999999998,0.202316,-0.282667,0.23208,-0.16542300000000001,0.278787,0.0,0.0,,,0,56072.42464,56072.47381,,,1,f,http://xmm-catalog.irap.omp.eu/source/206730023350010/
